Handle,Title,Body (HTML),Vendor,Product Category,Type,Tags,Published,Option1 Name,Option1 Value,Option2 Name,Option2 Value,Option3 Name,Option3 Value,Variant SKU,Variant Grams,Variant Inventory Tracker,Variant Inventory Qty,Variant Inventory Policy,Variant Fulfillment Service,Variant Price,Variant Compare At Price,Variant Requires Shipping,Variant Taxable,Variant Barcode,Image Src,Image Position,Image Alt Text,Gift Card,SEO Title,SEO Description,Variant Image,Variant Weight Unit,Status,Specs table (product.metafields.specs.table),Compatibility (product.metafields.specs.compatibility),Stats (product.metafields.specs.stats)
usb-c-to-usb-c-cable-100w,USB-C to USB-C Cable 100W,"<p>Braided 100W USB-C cable with E-marker chip for laptops, tablets and phones.</p>",Voltforge,,Cables,"accessories, cable, charging, flagship, new, usb-c",TRUE,Length,0.5m,Color,Black,,,CL-CC100-05M-BLACK,,shopify,64,deny,manual,9.90,,TRUE,TRUE,,https://dhlptx00.github.io/cyber-theme-docs/demo/images/usb-c-to-usb-c-cable-100w-1.png,1,USB-C to USB-C Cable 100W — line-art render,FALSE,,,,g,active,"[{""label"":""Connector"",""value"":""USB-C to USB-C""},{""label"":""Max power"",""value"":""100W (20V/5A, E-marker)""},{""label"":""Data speed"",""value"":""USB 2.0, 480 Mbps""},{""label"":""Jacket"",""value"":""Braided nylon""},{""label"":""Bend lifespan"",""value"":""20,000+ bends""}]",MacBook Air / Pro (USB-C); iPhone 15 / 16 series; iPad Pro / Air (USB-C); Samsung Galaxy S23–S25; Nintendo Switch,"[{""label"":""POWER"",""value"":""100W"",""pct"":42},{""label"":""SPEED"",""value"":""480Mbps"",""pct"":15},{""label"":""DURABILITY"",""value"":""20K"",""pct"":72}]"
usb-c-to-usb-c-cable-100w,,,,,,,,,0.5m,,White,,,CL-CC100-05M-WHITE,,shopify,145,deny,manual,9.90,,TRUE,TRUE,,https://dhlptx00.github.io/cyber-theme-docs/demo/images/usb-c-to-usb-c-cable-100w-2.png,2,USB-C to USB-C Cable 100W — detail scan,,,,,g,,,,
usb-c-to-usb-c-cable-100w,,,,,,,,,1m,,Black,,,CL-CC100-1M-BLACK,,shopify,208,deny,manual,11.90,,TRUE,TRUE,,,,,,,,,g,,,,
usb-c-to-usb-c-cable-100w,,,,,,,,,1m,,White,,,CL-CC100-1M-WHITE,,shopify,158,deny,manual,11.90,,TRUE,TRUE,,,,,,,,,g,,,,
usb-c-to-usb-c-cable-100w,,,,,,,,,2m,,Black,,,CL-CC100-2M-BLACK,,shopify,102,deny,manual,14.90,,TRUE,TRUE,,,,,,,,,g,,,,
usb-c-to-usb-c-cable-100w,,,,,,,,,2m,,White,,,CL-CC100-2M-WHITE,,shopify,64,deny,manual,14.90,,TRUE,TRUE,,,,,,,,,g,,,,
usb-c-to-lightning-cable,USB-C to Lightning Cable (MFi),<p>MFi-certified Lightning cable with fast-charge support.</p>,Voltforge,,Cables,"accessories, cable, lightning, mfi",TRUE,Length,1m,Color,White,,,CL-CL-1M-WHITE,,shopify,240,deny,manual,12.90,,TRUE,TRUE,,https://dhlptx00.github.io/cyber-theme-docs/demo/images/usb-c-to-lightning-cable-1.png,1,USB-C to Lightning Cable (MFi) — line-art render,FALSE,,,,g,active,"[{""label"":""Connector"",""value"":""USB-C to Lightning""},{""label"":""Certification"",""value"":""Apple MFi""},{""label"":""Fast charge"",""value"":""Up to 27W PD""},{""label"":""Data speed"",""value"":""USB 2.0, 480 Mbps""}]",iPhone 8 – iPhone 14 series; iPad (9th gen); AirPods / AirPods Pro (Lightning case),"[{""label"":""POWER"",""value"":""27W"",""pct"":22},{""label"":""SPEED"",""value"":""480Mbps"",""pct"":15},{""label"":""DURABILITY"",""value"":""25K"",""pct"":80}]"
usb-c-to-lightning-cable,,,,,,,,,1m,,Black,,,CL-CL-1M-BLACK,,shopify,96,deny,manual,12.90,,TRUE,TRUE,,https://dhlptx00.github.io/cyber-theme-docs/demo/images/usb-c-to-lightning-cable-2.png,2,USB-C to Lightning Cable (MFi) — detail scan,,,,,g,,,,
usb-c-to-lightning-cable,,,,,,,,,2m,,White,,,CL-CL-2M-WHITE,,shopify,210,deny,manual,15.90,,TRUE,TRUE,,,,,,,,,g,,,,
usb-c-to-lightning-cable,,,,,,,,,2m,,Black,,,CL-CL-2M-BLACK,,shopify,42,deny,manual,15.90,,TRUE,TRUE,,,,,,,,,g,,,,
usb-c-to-usb-a-cable,USB-C to USB-A Cable 3A,<p>Everyday USB-A to USB-C cable for older chargers and computers.</p>,Voltforge,,Cables,"accessories, cable, usb-a, usb-c",TRUE,Length,1m,,,,,CL-CA3-1M,,shopify,64,deny,manual,6.90,,TRUE,TRUE,,https://dhlptx00.github.io/cyber-theme-docs/demo/images/usb-c-to-usb-a-cable-1.png,1,USB-C to USB-A Cable 3A — line-art render,FALSE,,,,g,active,"[{""label"":""Connector"",""value"":""USB-A to USB-C""},{""label"":""Current"",""value"":""3A""},{""label"":""Data speed"",""value"":""USB 3.2 Gen 1, 5 Gbps""},{""label"":""Jacket"",""value"":""TPE""}]",Android phones (USB-C); Older chargers and PCs with USB-A ports; Game controllers (USB-C),"[{""label"":""POWER"",""value"":""15W"",""pct"":12},{""label"":""SPEED"",""value"":""5Gbps"",""pct"":40},{""label"":""DURABILITY"",""value"":""20K"",""pct"":70}]"
usb-c-to-usb-a-cable,,,,,,,,,2m,,,,,CL-CA3-2M,,shopify,145,deny,manual,8.90,,TRUE,TRUE,,https://dhlptx00.github.io/cyber-theme-docs/demo/images/usb-c-to-usb-a-cable-2.png,2,USB-C to USB-A Cable 3A — detail scan,,,,,g,,,,
usb-c-to-usb-a-cable,,,,,,,,,3m,,,,,CL-CA3-3M,,shopify,208,deny,manual,10.90,,TRUE,TRUE,,,,,,,,,g,,,,
thunderbolt-4-cable,Thunderbolt 4 Cable 40Gbps,"<p>Certified Thunderbolt 4 cable for docks, displays and fast storage.</p>",Voltforge,,Cables,"accessories, cable, new, pro, thunderbolt, usb4",TRUE,Length,0.8m,,,,,CL-TB4-08M,,shopify,270,deny,manual,29.90,,TRUE,TRUE,,https://dhlptx00.github.io/cyber-theme-docs/demo/images/thunderbolt-4-cable-1.png,1,Thunderbolt 4 Cable 40Gbps — line-art render,FALSE,,,,g,active,"[{""label"":""Standard"",""value"":""Thunderbolt 4 / USB4""},{""label"":""Data speed"",""value"":""40 Gbps""},{""label"":""Video"",""value"":""Single 8K or dual 4K""},{""label"":""Power"",""value"":""100W""}]",MacBook Pro M1–M4; Thunderbolt 4 docks; USB4 external SSDs,"[{""label"":""POWER"",""value"":""100W"",""pct"":42},{""label"":""SPEED"",""value"":""40Gbps"",""pct"":100},{""label"":""DURABILITY"",""value"":""10K"",""pct"":55}]"
thunderbolt-4-cable,,,,,,,,,2m,,,,,CL-TB4-2M,,shopify,12,deny,manual,49.90,,TRUE,TRUE,,https://dhlptx00.github.io/cyber-theme-docs/demo/images/thunderbolt-4-cable-2.png,2,Thunderbolt 4 Cable 40Gbps — detail scan,,,,,g,,,,
gan-charger-65w,GaN Charger 65W 3-Port,<p>Compact gallium-nitride wall charger that powers a laptop and phone at once.</p>,VoltPro,,Chargers,"accessories, charger, flagship, gan, laptop, usb-c",TRUE,Plug,US,Color,White,,,VP-GAN65-US-WHITE,,shopify,64,deny,manual,39.90,,TRUE,TRUE,,https://dhlptx00.github.io/cyber-theme-docs/demo/images/gan-charger-65w-1.png,1,GaN Charger 65W 3-Port — line-art render,FALSE,,,,g,active,"[{""label"":""Total output"",""value"":""65W""},{""label"":""Ports"",""value"":""2× USB-C, 1× USB-A""},{""label"":""Protocols"",""value"":""PD 3.0, PPS, QC 4+""},{""label"":""Size"",""value"":""52 × 32 × 30 mm""},{""label"":""Weight"",""value"":""110 g""}]",MacBook Air 13/15; Dell XPS 13; iPhone 16 Pro (fast charge); Samsung Galaxy S25 (Super Fast Charging),"[{""label"":""POWER"",""value"":""65W"",""pct"":65},{""label"":""PORTS"",""value"":""3"",""pct"":75},{""label"":""SIZE"",""value"":""FOLD"",""pct"":70}]"
gan-charger-65w,,,,,,,,,US,,Black,,,VP-GAN65-US-BLACK,,shopify,145,deny,manual,39.90,,TRUE,TRUE,,https://dhlptx00.github.io/cyber-theme-docs/demo/images/gan-charger-65w-2.png,2,GaN Charger 65W 3-Port — detail scan,,,,,g,,,,
gan-charger-65w,,,,,,,,,EU,,White,,,VP-GAN65-EU-WHITE,,shopify,208,deny,manual,39.90,,TRUE,TRUE,,,,,,,,,g,,,,
gan-charger-65w,,,,,,,,,EU,,Black,,,VP-GAN65-EU-BLACK,,shopify,158,deny,manual,39.90,,TRUE,TRUE,,,,,,,,,g,,,,
gan-charger-65w,,,,,,,,,UK,,White,,,VP-GAN65-UK-WHITE,,shopify,102,deny,manual,39.90,,TRUE,TRUE,,,,,,,,,g,,,,
gan-charger-65w,,,,,,,,,UK,,Black,,,VP-GAN65-UK-BLACK,,shopify,64,deny,manual,39.90,,TRUE,TRUE,,,,,,,,,g,,,,
gan-charger-30w,GaN Charger 30W Mini,<p>Pocket-size 30W USB-C charger for phones and tablets.</p>,VoltPro,,Chargers,"accessories, charger, gan, phone, usb-c",TRUE,Plug,US,,,,,VP-GAN30-US,,shopify,7,deny,manual,19.90,,TRUE,TRUE,,https://dhlptx00.github.io/cyber-theme-docs/demo/images/gan-charger-30w-1.png,1,GaN Charger 30W Mini — line-art render,FALSE,,,,g,active,"[{""label"":""Output"",""value"":""30W USB-C PD""},{""label"":""Protocols"",""value"":""PD 3.0, PPS""},{""label"":""Size"",""value"":""30 × 30 × 32 mm""}]",iPhone 12 – 16 series; iPad Air / mini; Google Pixel 8 / 9,"[{""label"":""POWER"",""value"":""30W"",""pct"":30},{""label"":""PORTS"",""value"":""1"",""pct"":20},{""label"":""SIZE"",""value"":""30mm"",""pct"":92}]"
gan-charger-30w,,,,,,,,,EU,,,,,VP-GAN30-EU,,shopify,113,deny,manual,19.90,,TRUE,TRUE,,https://dhlptx00.github.io/cyber-theme-docs/demo/images/gan-charger-30w-2.png,2,GaN Charger 30W Mini — detail scan,,,,,g,,,,
gan-charger-30w,,,,,,,,,UK,,,,,VP-GAN30-UK,,shopify,270,deny,manual,19.90,,TRUE,TRUE,,,,,,,,,g,,,,
car-charger-48w,Dual Port Car Charger 48W,<p>Low-profile aluminium car charger with USB-C PD and USB-A.</p>,VoltPro,,Chargers,"accessories, car, charger, usb-c",TRUE,Color,Black,,,,,VP-CAR48-BLACK,,shopify,42,deny,manual,17.90,,TRUE,TRUE,,https://dhlptx00.github.io/cyber-theme-docs/demo/images/car-charger-48w-1.png,1,Dual Port Car Charger 48W — line-art render,FALSE,,,,g,active,"[{""label"":""Output"",""value"":""48W total (30W C + 18W A)""},{""label"":""Input"",""value"":""12–24V DC""},{""label"":""Housing"",""value"":""Aluminium alloy""}]",Any 12V/24V car socket; iPhone and Android phones; Nintendo Switch,"[{""label"":""POWER"",""value"":""48W"",""pct"":60},{""label"":""PORTS"",""value"":""2"",""pct"":40},{""label"":""INPUT"",""value"":""12-24V"",""pct"":75}]"
car-charger-48w,,,,,,,,,Silver,,,,,VP-CAR48-SILVER,,shopify,89,deny,manual,17.90,,TRUE,TRUE,,https://dhlptx00.github.io/cyber-theme-docs/demo/images/car-charger-48w-2.png,2,Dual Port Car Charger 48W — detail scan,,,,,g,,,,
wireless-charging-pad-15w,Magnetic Wireless Charger 15W,<p>Snap-on Qi2 magnetic charger with a 1m attached cable.</p>,VoltPro,,Chargers,"accessories, charger, magsafe, new, qi2, wireless",TRUE,Color,White,,,,,VP-QI15-WHITE,,shopify,120,deny,manual,24.90,,TRUE,TRUE,,https://dhlptx00.github.io/cyber-theme-docs/demo/images/wireless-charging-pad-15w-1.png,1,Magnetic Wireless Charger 15W — line-art render,FALSE,,,,g,active,"[{""label"":""Standard"",""value"":""Qi2 magnetic""},{""label"":""Output"",""value"":""15W""},{""label"":""Cable"",""value"":""1m USB-C, attached""},{""label"":""Input"",""value"":""USB-C 20W+ recommended""}]",iPhone 12 – 16 series; Qi2 Android phones; AirPods Pro 2 (wireless case),"[{""label"":""POWER"",""value"":""15W"",""pct"":50},{""label"":""ALIGN"",""value"":""QI2"",""pct"":90},{""label"":""TEMP"",""value"":""38°C"",""pct"":70}]"
wireless-charging-pad-15w,,,,,,,,,Graphite,,,,,VP-QI15-GRAPHITE,,shopify,113,deny,manual,24.90,,TRUE,TRUE,,https://dhlptx00.github.io/cyber-theme-docs/demo/images/wireless-charging-pad-15w-2.png,2,Magnetic Wireless Charger 15W — detail scan,,,,,g,,,,
clear-magsafe-case-iphone,Clear MagSafe Case for iPhone,<p>Crystal-clear case with built-in magnets and raised camera lip.</p>,ShieldCo,,Cases,"accessories, case, clear, iphone, magsafe",TRUE,Model,iPhone 16,,,,,SC-CLR-IP16,,shopify,150,deny,manual,19.90,,TRUE,TRUE,,https://dhlptx00.github.io/cyber-theme-docs/demo/images/clear-magsafe-case-iphone-1.png,1,Clear MagSafe Case for iPhone — line-art render,FALSE,,,,g,active,"[{""label"":""Material"",""value"":""Polycarbonate back, TPU bumper""},{""label"":""Drop protection"",""value"":""2 m (6.6 ft)""},{""label"":""Magnets"",""value"":""Built-in MagSafe ring""},{""label"":""Anti-yellowing"",""value"":""Yes""}]",iPhone 16 / 16 Plus / 16 Pro / 16 Pro Max; iPhone 15 / 15 Pro; MagSafe chargers and wallets,"[{""label"":""PROTECTION"",""value"":""2M DROP"",""pct"":66},{""label"":""MAGNET"",""value"":""N52"",""pct"":86},{""label"":""CLARITY"",""value"":""99%"",""pct"":92}]"
clear-magsafe-case-iphone,,,,,,,,,iPhone 16 Plus,,,,,SC-CLR-IP16PL,,shopify,67,deny,manual,19.90,,TRUE,TRUE,,https://dhlptx00.github.io/cyber-theme-docs/demo/images/clear-magsafe-case-iphone-2.png,2,Clear MagSafe Case for iPhone — detail scan,,,,,g,,,,
clear-magsafe-case-iphone,,,,,,,,,iPhone 16 Pro,,,,,SC-CLR-IP16PRO,,shopify,184,deny,manual,19.90,,TRUE,TRUE,,,,,,,,,g,,,,
clear-magsafe-case-iphone,,,,,,,,,iPhone 16 Pro Max,,,,,SC-CLR-IP16PM,,shopify,128,deny,manual,19.90,,TRUE,TRUE,,,,,,,,,g,,,,
clear-magsafe-case-iphone,,,,,,,,,iPhone 15,,,,,SC-CLR-IP15,,shopify,148,deny,manual,19.90,,TRUE,TRUE,,,,,,,,,g,,,,
clear-magsafe-case-iphone,,,,,,,,,iPhone 15 Pro,,,,,SC-CLR-IP15PRO,,shopify,150,deny,manual,19.90,,TRUE,TRUE,,,,,,,,,g,,,,
rugged-case-galaxy,Rugged Armor Case for Galaxy,<p>Slim rugged TPU case with air-cushion corners.</p>,ShieldCo,,Cases,"accessories, case, rugged, samsung",TRUE,Model,Galaxy S25,Color,Black,,,SC-RUG-S25-BLACK,,shopify,102,deny,manual,17.90,,TRUE,TRUE,,https://dhlptx00.github.io/cyber-theme-docs/demo/images/rugged-case-galaxy-1.png,1,Rugged Armor Case for Galaxy — line-art render,FALSE,,,,g,active,"[{""label"":""Material"",""value"":""Shock-absorbing TPU""},{""label"":""Drop protection"",""value"":""3 m (10 ft)""},{""label"":""Wireless charging"",""value"":""Supported""}]",Samsung Galaxy S25 / S25+ / S25 Ultra; Samsung Galaxy S24,"[{""label"":""PROTECTION"",""value"":""3M DROP"",""pct"":94},{""label"":""GRIP"",""value"":""TPU"",""pct"":80},{""label"":""SLIM"",""value"":""3.1mm"",""pct"":40}]"
rugged-case-galaxy,,,,,,,,,Galaxy S25,,Navy,,,SC-RUG-S25-NAVY,,shopify,64,deny,manual,17.90,,TRUE,TRUE,,https://dhlptx00.github.io/cyber-theme-docs/demo/images/rugged-case-galaxy-2.png,2,Rugged Armor Case for Galaxy — detail scan,,,,,g,,,,
rugged-case-galaxy,,,,,,,,,Galaxy S25+,,Black,,,SC-RUG-S25P-BLACK,,shopify,145,deny,manual,17.90,,TRUE,TRUE,,,,,,,,,g,,,,
rugged-case-galaxy,,,,,,,,,Galaxy S25+,,Navy,,,SC-RUG-S25P-NAVY,,shopify,208,deny,manual,17.90,,TRUE,TRUE,,,,,,,,,g,,,,
rugged-case-galaxy,,,,,,,,,Galaxy S25 Ultra,,Black,,,SC-RUG-S25U-BLACK,,shopify,158,deny,manual,17.90,,TRUE,TRUE,,,,,,,,,g,,,,
rugged-case-galaxy,,,,,,,,,Galaxy S25 Ultra,,Navy,,,SC-RUG-S25U-NAVY,,shopify,102,deny,manual,17.90,,TRUE,TRUE,,,,,,,,,g,,,,
rugged-case-galaxy,,,,,,,,,Galaxy S24,,Black,,,SC-RUG-S24-BLACK,,shopify,0,deny,manual,17.90,,TRUE,TRUE,,,,,,,,,g,,,,
rugged-case-galaxy,,,,,,,,,Galaxy S24,,Navy,,,SC-RUG-S24-NAVY,,shopify,145,deny,manual,17.90,,TRUE,TRUE,,,,,,,,,g,,,,
tablet-folio-case-ipad,Folio Case for iPad,<p>Tri-fold folio with auto sleep/wake and pencil holder.</p>,ShieldCo,,Cases,"accessories, case, folio, ipad",TRUE,Model,iPad 10th gen,Color,Black,,,SC-FOL-PAD10-BLACK,,shopify,113,deny,manual,24.90,,TRUE,TRUE,,https://dhlptx00.github.io/cyber-theme-docs/demo/images/tablet-folio-case-ipad-1.png,1,Folio Case for iPad — line-art render,FALSE,,,,g,active,"[{""label"":""Material"",""value"":""Vegan leather, microfiber lining""},{""label"":""Stand"",""value"":""Two-angle tri-fold""},{""label"":""Pencil"",""value"":""Pencil holder slot""},{""label"":""Auto sleep/wake"",""value"":""Yes""}]",iPad 10th gen; iPad Air 11-inch (M2); iPad Pro 11-inch (M4),"[{""label"":""PROTECTION"",""value"":""FOLIO"",""pct"":60},{""label"":""STAND"",""value"":""2-ANGLE"",""pct"":70},{""label"":""WEIGHT"",""value"":""210g"",""pct"":64}]"
tablet-folio-case-ipad,,,,,,,,,iPad 10th gen,,Sky Blue,,,SC-FOL-PAD10-SKYBLUE,,shopify,270,deny,manual,24.90,,TRUE,TRUE,,https://dhlptx00.github.io/cyber-theme-docs/demo/images/tablet-folio-case-ipad-2.png,2,Folio Case for iPad — detail scan,,,,,g,,,,
tablet-folio-case-ipad,,,,,,,,,iPad 10th gen,,Sand,,,SC-FOL-PAD10-SAND,,shopify,50,deny,manual,24.90,,TRUE,TRUE,,,,,,,,,g,,,,
tablet-folio-case-ipad,,,,,,,,,iPad Air 11 (M2),,Black,,,SC-FOL-PADAIR11M2-BLACK,,shopify,124,deny,manual,24.90,,TRUE,TRUE,,,,,,,,,g,,,,
tablet-folio-case-ipad,,,,,,,,,iPad Air 11 (M2),,Sky Blue,,,SC-FOL-PADAIR11M2-SKYBLUE,,shopify,120,deny,manual,24.90,,TRUE,TRUE,,,,,,,,,g,,,,
tablet-folio-case-ipad,,,,,,,,,iPad Air 11 (M2),,Sand,,,SC-FOL-PADAIR11M2-SAND,,shopify,113,deny,manual,24.90,,TRUE,TRUE,,,,,,,,,g,,,,
tablet-folio-case-ipad,,,,,,,,,iPad Pro 11 (M4),,Black,,,SC-FOL-PADPRO11M4-BLACK,,shopify,270,deny,manual,24.90,,TRUE,TRUE,,,,,,,,,g,,,,
tablet-folio-case-ipad,,,,,,,,,iPad Pro 11 (M4),,Sky Blue,,,SC-FOL-PADPRO11M4-SKYBLUE,,shopify,50,deny,manual,24.90,,TRUE,TRUE,,,,,,,,,g,,,,
tablet-folio-case-ipad,,,,,,,,,iPad Pro 11 (M4),,Sand,,,SC-FOL-PADPRO11M4-SAND,,shopify,124,deny,manual,24.90,,TRUE,TRUE,,,,,,,,,g,,,,
usb-c-hub-7-in-1,USB-C Hub 7-in-1,"<p>Seven ports in one slim aluminium hub, including 4K60 HDMI.</p>",Voltforge,,Adapters,"accessories, adapter, hdmi, hub, pro, usb-c",TRUE,Color,Space Gray,,,,,CL-HUB7-GRAY,,shopify,128,deny,manual,34.90,,TRUE,TRUE,,https://dhlptx00.github.io/cyber-theme-docs/demo/images/usb-c-hub-7-in-1-1.png,1,USB-C Hub 7-in-1 — line-art render,FALSE,,,,g,active,"[{""label"":""Ports"",""value"":""HDMI 4K60, 2× USB-A 3.0, USB-C PD 100W, SD, microSD, USB-C data""},{""label"":""Video"",""value"":""4K @ 60Hz""},{""label"":""Pass-through"",""value"":""100W PD""},{""label"":""Housing"",""value"":""Aluminium""}]",MacBook Air / Pro (USB-C); iPad Pro / Air (USB-C); Windows laptops with USB-C DP Alt Mode; Steam Deck,"[{""label"":""PORTS"",""value"":""7"",""pct"":88},{""label"":""PASSTHRU"",""value"":""100W"",""pct"":80},{""label"":""VIDEO"",""value"":""4K60"",""pct"":62}]"
usb-c-hub-7-in-1,,,,,,,,,Silver,,,,,CL-HUB7-SILVER,,shopify,148,deny,manual,34.90,,TRUE,TRUE,,https://dhlptx00.github.io/cyber-theme-docs/demo/images/usb-c-hub-7-in-1-2.png,2,USB-C Hub 7-in-1 — detail scan,,,,,g,,,,
usb-c-to-hdmi-adapter,USB-C to HDMI 2.1 Adapter,"<p>Plug-and-play USB-C to HDMI adapter, no drivers.</p>",Voltforge,,Adapters,"accessories, adapter, hdmi, pro, usb-c",TRUE,Version,4K60,,,,,CL-HDMI-4K60,,shopify,158,deny,manual,14.90,,TRUE,TRUE,,https://dhlptx00.github.io/cyber-theme-docs/demo/images/usb-c-to-hdmi-adapter-1.png,1,USB-C to HDMI 2.1 Adapter — line-art render,FALSE,,,,g,active,"[{""label"":""Input"",""value"":""USB-C (DP Alt Mode)""},{""label"":""Output"",""value"":""HDMI""},{""label"":""HDR"",""value"":""HDR10""}]",MacBook (USB-C / Thunderbolt); Samsung DeX phones; Windows laptops with DP Alt Mode,"[{""label"":""VIDEO"",""value"":""8K60"",""pct"":96},{""label"":""REFRESH"",""value"":""144Hz"",""pct"":88},{""label"":""HDR"",""value"":""HDR10"",""pct"":70}]"
usb-c-to-hdmi-adapter,,,,,,,,,8K60 / 4K144,,,,,CL-HDMI-8K604K144,,shopify,102,deny,manual,24.90,,TRUE,TRUE,,https://dhlptx00.github.io/cyber-theme-docs/demo/images/usb-c-to-hdmi-adapter-2.png,2,USB-C to HDMI 2.1 Adapter — detail scan,,,,,g,,,,
travel-adapter-universal,Universal Travel Adapter with USB-C,<p>One adapter for 150+ countries with built-in USB charging.</p>,VoltPro,,Adapters,"accessories, adapter, plug, travel",TRUE,Color,Black,,,,,VP-TRVL-BLACK,,shopify,184,deny,manual,22.90,,TRUE,TRUE,,https://dhlptx00.github.io/cyber-theme-docs/demo/images/travel-adapter-universal-1.png,1,Universal Travel Adapter with USB-C — line-art render,FALSE,,,,g,active,"[{""label"":""Plugs"",""value"":""US / EU / UK / AU, sliding""},{""label"":""USB"",""value"":""2× USB-C, 2× USB-A, 20W total""},{""label"":""Coverage"",""value"":""150+ countries""},{""label"":""Fuse"",""value"":""Built-in 8A safety fuse""}]","150+ countries; Phones, tablets, cameras","[{""label"":""COVERAGE"",""value"":""150+"",""pct"":95},{""label"":""USB OUT"",""value"":""20W"",""pct"":30},{""label"":""PORTS"",""value"":""4"",""pct"":66}]"
travel-adapter-universal,,,,,,,,,White,,,,,VP-TRVL-WHITE,,shopify,128,deny,manual,22.90,,TRUE,TRUE,,https://dhlptx00.github.io/cyber-theme-docs/demo/images/travel-adapter-universal-2.png,2,Universal Travel Adapter with USB-C — detail scan,,,,,g,,,,
power-bank-10000mah,"Power Bank 10,000mAh 22.5W","<p>Slim 10,000mAh power bank that charges an iPhone about 2 times.</p>",VoltPro,,Power Banks,"accessories, portable, power-bank, usb-c",TRUE,Color,Black,,,,,VP-PB10-BLACK,,shopify,208,deny,manual,24.90,,TRUE,TRUE,,https://dhlptx00.github.io/cyber-theme-docs/demo/images/power-bank-10000mah-1.png,1,"Power Bank 10,000mAh 22.5W — line-art render",FALSE,,,,g,active,"[{""label"":""Capacity"",""value"":""10,000 mAh / 37 Wh""},{""label"":""Output"",""value"":""22.5W max""},{""label"":""Ports"",""value"":""USB-C in/out, USB-A out""},{""label"":""Weight"",""value"":""180 g""},{""label"":""Airline safe"",""value"":""Yes (<100 Wh)""}]",iPhone 12 – 16 series; Android phones; AirPods / earbuds,"[{""label"":""CAPACITY"",""value"":""10K mAh"",""pct"":48},{""label"":""OUTPUT"",""value"":""22.5W"",""pct"":30},{""label"":""PORTABILITY"",""value"":""198g"",""pct"":82}]"
power-bank-10000mah,,,,,,,,,White,,,,,VP-PB10-WHITE,,shopify,158,deny,manual,24.90,,TRUE,TRUE,,https://dhlptx00.github.io/cyber-theme-docs/demo/images/power-bank-10000mah-2.png,2,"Power Bank 10,000mAh 22.5W — detail scan",,,,,g,,,,
power-bank-10000mah,,,,,,,,,Blue,,,,,VP-PB10-BLUE,,shopify,102,deny,manual,24.90,,TRUE,TRUE,,,,,,,,,g,,,,
power-bank-20000mah-laptop,"Laptop Power Bank 20,000mAh 65W",<p>65W power bank that can charge a laptop on the go.</p>,VoltPro,,Power Banks,"accessories, laptop, power-bank, pro, usb-c",TRUE,Color,Black,,,,,VP-PB20-BLACK,,shopify,14,deny,manual,49.90,,TRUE,TRUE,,https://dhlptx00.github.io/cyber-theme-docs/demo/images/power-bank-20000mah-laptop-1.png,1,"Laptop Power Bank 20,000mAh 65W — line-art render",FALSE,,,,g,active,"[{""label"":""Capacity"",""value"":""20,000 mAh / 74 Wh""},{""label"":""Output"",""value"":""65W USB-C PD""},{""label"":""Ports"",""value"":""2× USB-C, 1× USB-A""},{""label"":""Display"",""value"":""Digital battery %""},{""label"":""Airline safe"",""value"":""Yes (<100 Wh)""}]",MacBook Air / Pro 13–14; Nintendo Switch / Steam Deck; Phones and tablets,"[{""label"":""CAPACITY"",""value"":""20K mAh"",""pct"":90},{""label"":""OUTPUT"",""value"":""65W"",""pct"":72},{""label"":""PORTABILITY"",""value"":""412g"",""pct"":45}]"
power-bank-20000mah-laptop,,,,,,,,,Gray,,,,,VP-PB20-GRAY,,shopify,180,deny,manual,49.90,,TRUE,TRUE,,https://dhlptx00.github.io/cyber-theme-docs/demo/images/power-bank-20000mah-laptop-2.png,2,"Laptop Power Bank 20,000mAh 65W — detail scan",,,,,g,,,,
